image_id,split,file_path,ground_truth_label,predicted_label,raw_confidence,calibrated_confidence,u_calib,severity_score,spatial_iou,text_visual_sim,faithfulness_score,rpi_score,routed_to_operator,latency_ms,ram_mb,rationale,source,fold,heat_in_box,cam_peak,heatmap_path
train_0,train,data/pcb_defects/train/WIN_20221017_19_37_33_Pro_jpg.rf.088c58dfb9d3e773d35bc59409e27a7b.jpg,normal,normal,0.3356,0.2881,0.7119,0.05,1.0,0.8,0.5,0.4167,False,1438.0,2068.91,"Surface trace geometry and solder pads conform to IPC-A-610 standards with no visible bridging, cracking, or misalignment.",oof,1,0.0,0.04329,results/heatmaps/train_0.png
train_1,train,data/pcb_defects/train/WIN_20221030_19_13_58_Pro_jpg.rf.124282de12f7bb86c389290c61ac1e23.jpg,normal,incorrect_installation,0.9569,0.7407,0.2593,0.7,0.0,0.8,0.0,0.6357,False,920.09,2068.92,Component package placement misalignment detected relative to silkscreen fiducial alignment marks.,oof,2,0.0,0.062296,results/heatmaps/train_1.png
train_2,train,data/pcb_defects/train/WIN_20221030_19_38_20_Pro_jpg.rf.0d80ee342a6d1441500159a50e69d7f3.jpg,incorrect_installation,incorrect_installation,0.6064,0.4805,0.5195,0.7,0.0908,0.8,0.2091,0.6641,False,778.01,2068.92,Component package placement misalignment detected relative to silkscreen fiducial alignment marks.,oof,1,0.3273,0.06576,results/heatmaps/train_2.png
train_3,train,data/pcb_defects/train/WIN_20221102_19_19_13_Pro_jpg.rf.00edadb17d9655d5d113518ef63fa1e7.jpg,incorrect_installation,incorrect_installation,0.9974,0.9081,0.0919,0.7,0.2402,0.8,0.3265,0.4792,False,781.65,2096.67,Component package placement misalignment detected relative to silkscreen fiducial alignment marks.,oof,3,0.4128,0.118102,results/heatmaps/train_3.png
train_4,train,data/pcb_defects/train/WIN_20221102_19_30_08_Pro_jpg.rf.2689f4baabba3bcafe3fda40f88ca891.jpg,short_circuit,incorrect_installation,0.7515,0.5246,0.4754,0.7,0.2538,0.8,0.1944,0.6531,False,771.03,2068.92,Component package placement misalignment detected relative to silkscreen fiducial alignment marks.,oof,0,0.135,0.047621,results/heatmaps/train_4.png
train_5,train,data/pcb_defects/train/WIN_20221102_19_43_56_Pro_jpg.rf.1db3d42dd90f918369143d277e2d0db7.jpg,incorrect_installation,incorrect_installation,0.9937,0.8717,0.1283,0.7,0.0602,0.8,0.0446,0.5765,False,794.91,2068.92,Component package placement misalignment detected relative to silkscreen fiducial alignment marks.,oof,0,0.029,0.064652,results/heatmaps/train_5.png
train_6,train,data/pcb_defects/train/WIN_20221030_19_44_19_Pro_jpg.rf.0fd5e637443461fc9cf036ecfc3c6a41.jpg,normal,incorrect_installation,0.9986,0.9186,0.0814,0.7,0.0,0.8,0.0,0.5735,False,775.17,2068.92,Component package placement misalignment detected relative to silkscreen fiducial alignment marks.,oof,0,0.0,0.062205,results/heatmaps/train_6.png
train_7,train,data/pcb_defects/train/WIN_20221023_15_31_50_Pro_jpg.rf.143ce80153faf36e4bf4fd80c4a7ad03.jpg,incorrect_installation,incorrect_installation,0.9937,0.8509,0.1491,0.7,0.4565,0.8,0.4041,0.476,False,790.47,2068.92,Component package placement misalignment detected relative to silkscreen fiducial alignment marks.,oof,2,0.3516,0.119779,results/heatmaps/train_7.png
train_8,train,data/pcb_defects/train/WIN_20221030_19_48_24_Pro_jpg.rf.02ed783cbbbf7c996b612b556337a0e6.jpg,incorrect_installation,incorrect_installation,0.9999,0.981,0.019,0.7,0.1495,0.8,0.266,0.4719,False,765.44,2068.92,Component package placement misalignment detected relative to silkscreen fiducial alignment marks.,oof,1,0.3824,0.128337,results/heatmaps/train_8.png
train_9,train,data/pcb_defects/train/WIN_20221030_19_18_51_Pro_jpg.rf.03016c8eb42dcf368ddd084977a10d0f.jpg,normal,incorrect_installation,0.9742,0.7823,0.2177,0.7,0.0,0.8,0.0,0.6212,False,784.0,2068.92,Component package placement misalignment detected relative to silkscreen fiducial alignment marks.,oof,3,0.0,0.043188,results/heatmaps/train_9.png
train_10,train,data/pcb_defects/train/WIN_20221030_19_44_09_Pro_jpg.rf.2247ec4e80fb2b757b0e0313144d2792.jpg,incorrect_installation,incorrect_installation,0.8106,0.5837,0.4163,0.7,0.2645,0.8,0.1836,0.6356,False,811.45,2068.92,Component package placement misalignment detected relative to silkscreen fiducial alignment marks.,oof,3,0.1027,0.065918,results/heatmaps/train_10.png
train_11,train,data/pcb_defects/train/WIN_20221023_15_16_32_Pro_jpg.rf.217b022eecbfc155e773268da4971df6.jpg,incorrect_installation,incorrect_installation,1.0,0.9855,0.0145,0.7,0.5213,0.8,0.5093,0.3973,False,818.29,2068.92,Component package placement misalignment detected relative to silkscreen fiducial alignment marks.,oof,1,0.4972,0.141139,results/heatmaps/train_11.png
train_12,train,data/pcb_defects/train/WIN_20221103_21_16_19_Pro_jpg.rf.30975548ee00cea246071137959d2ee5.jpg,incorrect_installation,short_circuit,0.9735,0.7878,0.2122,0.9,0.0432,0.89,0.0605,0.6711,False,1030.3,2068.92,"High-severity solder bridge / conductive trace short detected across adjacent component terminal pads, violating trace clearance.",oof,0,0.0778,0.05772,results/heatmaps/train_12.png
train_13,train,data/pcb_defects/train/WIN_20221102_20_12_07_Pro_jpg.rf.15d870598ebd990064c108178cfde71f.jpg,incorrect_installation,incorrect_installation,0.9834,0.8431,0.1569,0.7,0.3223,0.8,0.2662,0.52,False,1169.36,2096.67,Component package placement misalignment detected relative to silkscreen fiducial alignment marks.,oof,0,0.2102,0.059032,results/heatmaps/train_13.png
train_14,train,data/pcb_defects/train/WIN_20221102_20_10_03_Pro_jpg.rf.20a7326f316b9b38cb904c9f0fd7bf39.jpg,incorrect_installation,incorrect_installation,0.9805,0.7558,0.2442,0.7,0.1642,0.8,0.2217,0.564,False,989.43,2068.92,Component package placement misalignment detected relative to silkscreen fiducial alignment marks.,oof,2,0.2792,0.04044,results/heatmaps/train_14.png
train_15,train,data/pcb_defects/train/WIN_20221017_19_27_38_Pro_jpg.rf.26da9cf6ed77e3f05fff29c32cf9c8db.jpg,short_circuit,incorrect_installation,0.8629,0.6105,0.3895,0.6695,0.5363,0.8,0.3463,0.5667,False,790.15,2068.92,Component package placement misalignment detected relative to silkscreen fiducial alignment marks.,oof,2,0.1564,0.092126,results/heatmaps/train_15.png
train_16,train,data/pcb_defects/train/WIN_20221017_19_27_29_Pro_jpg.rf.3aa347ea3a7abc00f440556e46238f16.jpg,short_circuit,incorrect_installation,0.5489,0.4193,0.5807,0.7,0.1105,0.8,0.0946,0.7199,True,775.44,2068.92,Component package placement misalignment detected relative to silkscreen fiducial alignment marks.,oof,2,0.0787,0.046649,results/heatmaps/train_16.png
train_17,train,data/pcb_defects/train/WIN_20221023_15_48_41_Pro_jpg.rf.2efbab0bc40c75a5c9cbe1ffbd29d566.jpg,incorrect_installation,incorrect_installation,0.9997,0.9745,0.0255,0.7,0.3629,0.8,0.3343,0.4536,False,794.03,2068.92,Component package placement misalignment detected relative to silkscreen fiducial alignment marks.,oof,3,0.3057,0.075953,results/heatmaps/train_17.png
train_18,train,data/pcb_defects/train/WIN_20221030_19_22_01_Pro_jpg.rf.2b3ad00d3fcb9e788b6233dee50e0672.jpg,incorrect_installation,incorrect_installation,0.6345,0.5177,0.4823,0.7,0.1031,0.8,0.0773,0.6906,True,802.59,2068.92,Component package placement misalignment detected relative to silkscreen fiducial alignment marks.,oof,2,0.0515,0.051081,results/heatmaps/train_18.png
train_19,train,data/pcb_defects/train/WIN_20221017_19_11_20_Pro_jpg.rf.1c1c5510b5698d72948db896f4d309c6.jpg,normal,normal,0.8371,0.5241,0.4759,0.05,1.0,0.8,0.5,0.334,False,813.49,2068.92,"Surface trace geometry and solder pads conform to IPC-A-610 standards with no visible bridging, cracking, or misalignment.",oof,1,0.0,0.056722,results/heatmaps/train_19.png
train_20,train,data/pcb_defects/train/WIN_20221102_20_15_51_Pro_jpg.rf.3b4a2904097778202c46810d762e8c52.jpg,incorrect_installation,short_circuit,0.7527,0.5794,0.4206,0.9,0.1572,0.89,0.2509,0.6869,True,814.8,2068.92,"High-severity solder bridge / conductive trace short detected across adjacent component terminal pads, violating trace clearance.",oof,3,0.3446,0.04533,results/heatmaps/train_20.png
train_21,train,data/pcb_defects/train/WIN_20221102_19_56_21_Pro_jpg.rf.266bae64c82c5745ee814427729385af.jpg,incorrect_installation,incorrect_installation,0.9929,0.8408,0.1592,0.7,0.1263,0.8,0.1819,0.5462,False,802.0,2068.92,Component package placement misalignment detected relative to silkscreen fiducial alignment marks.,oof,1,0.2375,0.063478,results/heatmaps/train_21.png
train_22,train,data/pcb_defects/train/WIN_20221103_21_08_23_Pro_jpg.rf.2128e8ce6e8c4617996663c9f85cfc17.jpg,short_circuit,short_circuit,1.0,0.9888,0.0112,0.9,0.0032,0.89,0.0385,0.6073,False,808.49,2068.92,"High-severity solder bridge / conductive trace short detected across adjacent component terminal pads, violating trace clearance.",oof,3,0.0739,0.096659,results/heatmaps/train_22.png
train_23,train,data/pcb_defects/train/WIN_20221103_21_24_53_Pro_jpg.rf.22551d6407a00c0dc8f4c645e4ef0a40.jpg,pcb_damage,short_circuit,0.9267,0.6314,0.3686,0.9,0.0,0.89,0.0296,0.7351,True,793.56,2068.92,"High-severity solder bridge / conductive trace short detected across adjacent component terminal pads, violating trace clearance.",oof,1,0.0592,0.038749,results/heatmaps/train_23.png
train_24,train,data/pcb_defects/train/WIN_20221017_18_58_20_Pro_jpg.rf.3c43e703b0116201b9dd219267d003b0.jpg,short_circuit,short_circuit,0.9282,0.6654,0.3346,0.9,0.0,0.89,0.0218,0.7256,True,793.38,2068.92,"High-severity solder bridge / conductive trace short detected across adjacent component terminal pads, violating trace clearance.",oof,2,0.0435,0.052134,results/heatmaps/train_24.png
train_25,train,data/pcb_defects/train/WIN_20221102_19_35_48_Pro_jpg.rf.3db8e1e2b92de3ef7d42f34d40430e23.jpg,incorrect_installation,incorrect_installation,0.9365,0.6657,0.3343,0.7,0.3651,0.8,0.3423,0.5593,False,1007.3,2068.92,Component package placement misalignment detected relative to silkscreen fiducial alignment marks.,oof,0,0.3195,0.063928,results/heatmaps/train_25.png
train_26,train,data/pcb_defects/train/WIN_20221030_19_10_21_Pro_jpg.rf.360f2e2b376f589c7b32feeb0241ea24.jpg,incorrect_installation,incorrect_installation,0.9988,0.9322,0.0678,0.7,0.1425,0.8,0.3494,0.4639,False,1190.75,2068.92,Component package placement misalignment detected relative to silkscreen fiducial alignment marks.,oof,0,0.5564,0.081285,results/heatmaps/train_26.png
train_27,train,data/pcb_defects/train/WIN_20221017_19_38_26_Pro_jpg.rf.34b1bbbd8f9342f0465b451a6b0b3130.jpg,normal,normal,0.9986,0.936,0.064,0.05,1.0,0.8,0.5,0.1899,False,1024.78,2068.92,"Surface trace geometry and solder pads conform to IPC-A-610 standards with no visible bridging, cracking, or misalignment.",oof,1,0.0,0.074481,results/heatmaps/train_27.png
train_28,train,data/pcb_defects/train/WIN_20221030_19_36_05_Pro_jpg.rf.3dddb761f4da6b054d14d7cdc50b2fec.jpg,incorrect_installation,incorrect_installation,0.9999,0.9727,0.0273,0.7,0.0588,0.8,0.0543,0.5383,False,805.19,2096.67,Component package placement misalignment detected relative to silkscreen fiducial alignment marks.,oof,2,0.0498,0.085207,results/heatmaps/train_28.png
train_29,train,data/pcb_defects/train/WIN_20221030_19_02_06_Pro_jpg.rf.445c4c1e51ef0ce4b91b94c7d1fe43d0.jpg,normal,incorrect_installation,0.9972,0.8998,0.1002,0.7,0.0,0.8,0.0,0.5801,False,836.99,2068.92,Component package placement misalignment detected relative to silkscreen fiducial alignment marks.,oof,2,0.0,0.056643,results/heatmaps/train_29.png
train_30,train,data/pcb_defects/train/WIN_20221102_19_44_11_Pro_jpg.rf.4bbddc73aecfa19d0c99743e88b1fa8f.jpg,incorrect_installation,incorrect_installation,0.6238,0.5003,0.4997,0.7,0.2497,0.8,0.1905,0.6627,False,803.69,2068.92,Component package placement misalignment detected relative to silkscreen fiducial alignment marks.,oof,3,0.1312,0.052516,results/heatmaps/train_30.png
train_31,train,data/pcb_defects/train/WIN_20221030_19_39_20_Pro_jpg.rf.440a22e9b21454592ecfbd885f917cda.jpg,incorrect_installation,incorrect_installation,0.9282,0.7385,0.2615,0.7,0.0783,0.8,0.0655,0.6169,False,752.56,2096.68,Component package placement misalignment detected relative to silkscreen fiducial alignment marks.,oof,3,0.0527,0.040507,results/heatmaps/train_31.png
train_32,train,data/pcb_defects/train/WIN_20221017_19_38_50_Pro_jpg.rf.41a1fa124f2b34b78ecbfa1319d7559d.jpg,normal,normal,0.9949,0.8939,0.1061,0.05,1.0,0.8,0.5,0.2046,False,782.09,2068.93,"Surface trace geometry and solder pads conform to IPC-A-610 standards with no visible bridging, cracking, or misalignment.",oof,0,0.0,0.060166,results/heatmaps/train_32.png
train_33,train,data/pcb_defects/train/WIN_20221103_21_11_11_Pro_jpg.rf.444a283a012da805d26a8ca8c3d217f5.jpg,short_circuit,short_circuit,0.9999,0.971,0.029,0.9,0.0432,0.89,0.0338,0.615,False,781.03,2068.93,"High-severity solder bridge / conductive trace short detected across adjacent component terminal pads, violating trace clearance.",oof,2,0.0244,0.088144,results/heatmaps/train_33.png
train_34,train,data/pcb_defects/train/WIN_20221017_19_29_10_Pro_jpg.rf.4dc225dd3cd9211c776dac45ae60961f.jpg,pcb_damage,dry_joint,0.3307,0.2778,0.7222,0.6,0.0357,0.89,0.0514,0.7474,True,786.33,2068.93,Insufficient solder meniscus wetting and cold joint voiding observed on through-hole connection.,oof,3,0.0671,0.057673,results/heatmaps/train_34.png
train_35,train,data/pcb_defects/train/WIN_20221023_15_16_54_Pro_jpg.rf.4ab117f5618ef58d331c8154e04bfefd.jpg,incorrect_installation,incorrect_installation,0.9997,0.9612,0.0388,0.7,0.6065,0.8,0.5221,0.402,False,775.2,2068.93,Component package placement misalignment detected relative to silkscreen fiducial alignment marks.,oof,1,0.4376,0.112632,results/heatmaps/train_35.png
train_36,train,data/pcb_defects/train/WIN_20221017_19_17_11_Pro_jpg.rf.570e7287e73599e1c6f04d4bb6d28cd4.jpg,dry_joint,normal,0.9622,0.7088,0.2912,0.05,0.0,0.8,0.0563,0.4025,False,814.19,2068.93,"Surface trace geometry and solder pads conform to IPC-A-610 standards with no visible bridging, cracking, or misalignment.",oof,1,0.1125,0.046422,results/heatmaps/train_36.png
train_37,train,data/pcb_defects/train/WIN_20221102_20_14_18_Pro_jpg.rf.54571895d3ca2547ede09ee4b6fb7cec.jpg,incorrect_installation,incorrect_installation,0.4942,0.4318,0.5682,0.7,0.0889,0.8,0.1499,0.6989,True,794.27,2068.93,Component package placement misalignment detected relative to silkscreen fiducial alignment marks.,oof,1,0.2109,0.038754,results/heatmaps/train_37.png
train_38,train,data/pcb_defects/train/WIN_20221103_21_03_04_Pro_jpg.rf.577f067eb33db96b11f3384cae83dc51.jpg,short_circuit,short_circuit,0.8784,0.5692,0.4308,0.9,0.0211,0.89,0.0167,0.7608,True,941.13,2068.93,"High-severity solder bridge / conductive trace short detected across adjacent component terminal pads, violating trace clearance.",oof,3,0.0123,0.033657,results/heatmaps/train_38.png
train_39,train,data/pcb_defects/train/WIN_20221030_19_34_38_Pro_jpg.rf.58406996d95cb6e950022ba3e01003a1.jpg,incorrect_installation,incorrect_installation,0.981,0.7767,0.2233,0.7,0.2855,0.8,0.2321,0.5535,False,1139.15,2096.68,Component package placement misalignment detected relative to silkscreen fiducial alignment marks.,oof,0,0.1787,0.055594,results/heatmaps/train_39.png
train_40,train,data/pcb_defects/train/WIN_20221023_15_49_30_Pro_jpg.rf.59d252bf9b174b5a12689bfa6c96b8d6.jpg,incorrect_installation,incorrect_installation,1.0,0.9878,0.0122,0.7,0.2704,0.8,0.2329,0.4794,False,1021.64,2068.93,Component package placement misalignment detected relative to silkscreen fiducial alignment marks.,oof,1,0.1955,0.112387,results/heatmaps/train_40.png
train_41,train,data/pcb_defects/train/WIN_20221030_19_05_04_Pro_jpg.rf.4be769ccd3fd556f79f9e58b3b4d7c83.jpg,incorrect_installation,incorrect_installation,0.723,0.5588,0.4412,0.7,0.1591,0.8,0.1266,0.6614,False,790.06,2096.68,Component package placement misalignment detected relative to silkscreen fiducial alignment marks.,oof,3,0.094,0.057511,results/heatmaps/train_41.png
train_42,train,data/pcb_defects/train/WIN_20221102_19_13_01_Pro_jpg.rf.513802b73d82482d9efc27b53aeb1a72.jpg,incorrect_installation,incorrect_installation,0.9987,0.9257,0.0743,0.7,0.4808,0.8,0.3416,0.4685,False,801.69,2068.93,Component package placement misalignment detected relative to silkscreen fiducial alignment marks.,oof,1,0.2024,0.081957,results/heatmaps/train_42.png
train_43,train,data/pcb_defects/train/WIN_20221017_19_17_21_Pro_jpg.rf.68e15adbf71cad6695030ed29f786883.jpg,dry_joint,dry_joint,0.994,0.8601,0.1399,0.6,0.1521,0.89,0.1112,0.5256,False,779.52,2096.68,Insufficient solder meniscus wetting and cold joint voiding observed on through-hole connection.,oof,0,0.0703,0.104808,results/heatmaps/train_43.png
train_44,train,data/pcb_defects/train/WIN_20221102_19_33_44_Pro_jpg.rf.62e8178bd69f7247e4a77dcf34292025.jpg,incorrect_installation,incorrect_installation,0.9068,0.7256,0.2744,0.7,0.4787,0.8,0.3627,0.5323,False,793.29,2068.93,Component package placement misalignment detected relative to silkscreen fiducial alignment marks.,oof,2,0.2467,0.06938,results/heatmaps/train_44.png
train_45,train,data/pcb_defects/train/WIN_20221023_15_31_25_Pro_jpg.rf.6a96e58529479dea4a515307556e331d.jpg,incorrect_installation,incorrect_installation,0.9998,0.9675,0.0325,0.7,0.0755,0.8,0.1355,0.5157,False,776.81,2096.68,Component package placement misalignment detected relative to silkscreen fiducial alignment marks.,oof,1,0.1955,0.121188,results/heatmaps/train_45.png
train_46,train,data/pcb_defects/train/WIN_20221030_19_11_56_Pro_jpg.rf.659496893238125626ad1b4b5ddb91e0.jpg,incorrect_installation,incorrect_installation,1.0,0.9894,0.0106,0.7,0.2291,0.8,0.3842,0.4335,False,783.12,2068.93,Component package placement misalignment detected relative to silkscreen fiducial alignment marks.,oof,1,0.5393,0.107416,results/heatmaps/train_46.png
train_47,train,data/pcb_defects/train/WIN_20221017_19_35_12_Pro_jpg.rf.6ca8f0458ca77c122e67933d4a5e2e74.jpg,normal,normal,0.9921,0.8558,0.1442,0.05,1.0,0.8,0.5,0.218,False,796.81,2096.68,"Surface trace geometry and solder pads conform to IPC-A-610 standards with no visible bridging, cracking, or misalignment.",oof,3,0.0,0.062424,results/heatmaps/train_47.png
train_48,train,data/pcb_defects/train/WIN_20221103_21_13_35_Pro_jpg.rf.4d710106228778c6164934791db0b9f7.jpg,incorrect_installation,incorrect_installation,0.9647,0.7508,0.2492,0.7,0.4796,0.8,0.386,0.5164,False,790.64,2068.93,Component package placement misalignment detected relative to silkscreen fiducial alignment marks.,oof,3,0.2925,0.062447,results/heatmaps/train_48.png
train_49,train,data/pcb_defects/train/WIN_20221030_19_04_51_Pro_jpg.rf.6448128b97ceb8ae09d7079e59925186.jpg,incorrect_installation,incorrect_installation,0.9059,0.66,0.34,0.7,0.2934,0.8,0.3153,0.5694,False,771.66,2096.68,Component package placement misalignment detected relative to silkscreen fiducial alignment marks.,oof,3,0.3371,0.057109,results/heatmaps/train_49.png
train_50,train,data/pcb_defects/train/WIN_20221102_19_16_07_Pro_jpg.rf.71ebd112008cdf5b9cf3546bec98d7a1.jpg,incorrect_installation,incorrect_installation,0.9996,0.9574,0.0426,0.7,0.151,0.8,0.1194,0.5241,False,749.18,2068.93,Component package placement misalignment detected relative to silkscreen fiducial alignment marks.,oof,0,0.0879,0.064851,results/heatmaps/train_50.png
train_51,train,data/pcb_defects/train/WIN_20221103_21_11_51_Pro_jpg.rf.7cc3ff6d700c985183a71affc285a837.jpg,short_circuit,short_circuit,0.9881,0.8151,0.1849,0.9,0.047,0.89,0.0579,0.6623,False,861.61,2096.68,"High-severity solder bridge / conductive trace short detected across adjacent component terminal pads, violating trace clearance.",oof,1,0.0689,0.044095,results/heatmaps/train_51.png
train_52,train,data/pcb_defects/train/WIN_20221030_19_20_46_Pro_jpg.rf.4669e493cba2e1d15652e6b7ffddb507.jpg,normal,incorrect_installation,0.986,0.8468,0.1532,0.7,0.0,0.8,0.0,0.5986,False,1172.62,2068.93,Component package placement misalignment detected relative to silkscreen fiducial alignment marks.,oof,0,0.0,0.060145,results/heatmaps/train_52.png
train_53,train,data/pcb_defects/train/WIN_20221102_19_16_24_Pro_jpg.rf.81843fac6c88db7a878b8b106ffc5b9d.jpg,incorrect_installation,incorrect_installation,0.9942,0.8615,0.1385,0.7,0.3561,0.8,0.2811,0.5092,False,1138.34,2096.68,Component package placement misalignment detected relative to silkscreen fiducial alignment marks.,oof,1,0.206,0.08097,results/heatmaps/train_53.png
train_54,train,data/pcb_defects/train/WIN_20221030_19_45_13_Pro_jpg.rf.8fdecf4d79794ecfde800503f93f07da.jpg,incorrect_installation,incorrect_installation,0.9853,0.7842,0.2158,0.7,0.439,0.8,0.2736,0.5384,False,791.76,2096.68,Component package placement misalignment detected relative to silkscreen fiducial alignment marks.,oof,2,0.1081,0.064583,results/heatmaps/train_54.png
train_55,train,data/pcb_defects/train/WIN_20221102_20_08_33_Pro_jpg.rf.73f3f61b62c1ddb3b1a90773c14f2c77.jpg,incorrect_installation,incorrect_installation,0.9989,0.9341,0.0659,0.7,0.3239,0.8,0.3261,0.4702,False,768.17,2068.93,Component package placement misalignment detected relative to silkscreen fiducial alignment marks.,oof,0,0.3284,0.076521,results/heatmaps/train_55.png
train_56,train,data/pcb_defects/train/WIN_20221103_21_52_50_Pro_jpg.rf.83414682e42b6c2808a2c551d39505db.jpg,short_circuit,short_circuit,0.9999,0.9795,0.0205,0.9,0.0247,0.89,0.0219,0.6156,False,769.66,2096.68,"High-severity solder bridge / conductive trace short detected across adjacent component terminal pads, violating trace clearance.",oof,0,0.019,0.102865,results/heatmaps/train_56.png
train_57,train,data/pcb_defects/train/WIN_20221030_19_41_00_Pro_jpg.rf.9196b83b631c54f12015ffcc432eed92.jpg,incorrect_installation,incorrect_installation,0.9975,0.9049,0.0951,0.7,0.2303,0.8,0.2343,0.508,False,817.05,2068.93,Component package placement misalignment detected relative to silkscreen fiducial alignment marks.,oof,1,0.2383,0.079682,results/heatmaps/train_57.png
train_58,train,data/pcb_defects/train/WIN_20221103_21_00_59_Pro_jpg.rf.97ca06901f9f0fe43df1e21c57cd048c.jpg,short_circuit,short_circuit,0.9991,0.9338,0.0662,0.9,0.0252,0.89,0.0219,0.6316,False,785.54,2096.68,"High-severity solder bridge / conductive trace short detected across adjacent component terminal pads, violating trace clearance.",oof,1,0.0185,0.048185,results/heatmaps/train_58.png
train_59,train,data/pcb_defects/train/WIN_20221103_21_00_26_Pro_jpg.rf.70bf193bc6087d2429668f7249938da7.jpg,short_circuit,short_circuit,0.9957,0.8734,0.1266,0.9,0.0077,0.89,0.0119,0.6557,False,791.05,2068.94,"High-severity solder bridge / conductive trace short detected across adjacent component terminal pads, violating trace clearance.",oof,0,0.0161,0.107894,results/heatmaps/train_59.png
train_60,train,data/pcb_defects/train/WIN_20221030_19_00_23_Pro_jpg.rf.9409308260f122defa03c2d06da0a72f.jpg,incorrect_installation,incorrect_installation,0.9674,0.7416,0.2584,0.7,0.2177,0.8,0.1492,0.5907,False,800.55,2096.69,Component package placement misalignment detected relative to silkscreen fiducial alignment marks.,oof,2,0.0808,0.072639,results/heatmaps/train_60.png
train_61,train,data/pcb_defects/train/WIN_20221103_21_02_01_Pro_jpg.rf.8cbe8d31454f2b36e240cdf2e5bed34a.jpg,short_circuit,short_circuit,0.9983,0.9146,0.0854,0.9,0.0015,0.89,0.0193,0.6391,False,785.48,2068.94,"High-severity solder bridge / conductive trace short detected across adjacent component terminal pads, violating trace clearance.",oof,3,0.0371,0.092782,results/heatmaps/train_61.png
train_62,train,data/pcb_defects/train/WIN_20221030_19_01_53_Pro_jpg.rf.8fd5a8f0e7bc04c287aa82c714920cd7.jpg,incorrect_installation,incorrect_installation,0.9483,0.7321,0.2679,0.7,0.1478,0.8,0.1249,0.6013,False,800.73,2096.69,Component package placement misalignment detected relative to silkscreen fiducial alignment marks.,oof,3,0.1019,0.057661,results/heatmaps/train_62.png
train_63,train,data/pcb_defects/train/WIN_20221030_19_08_10_Pro_jpg.rf.5f2819330731f568cf89e4a78113e4d4.jpg,incorrect_installation,incorrect_installation,1.0,0.9932,0.0068,0.7,0.1565,0.8,0.2746,0.465,False,776.84,2068.94,Component package placement misalignment detected relative to silkscreen fiducial alignment marks.,oof,1,0.3927,0.152044,results/heatmaps/train_63.png
train_64,train,data/pcb_defects/train/WIN_20221030_19_08_13_Pro_jpg.rf.79a47a5c99c3c787f73c4af1bd78d1ae.jpg,incorrect_installation,incorrect_installation,0.9998,0.9724,0.0276,0.7,0.3835,0.8,0.4035,0.4336,False,792.08,2096.69,Component package placement misalignment detected relative to silkscreen fiducial alignment marks.,oof,3,0.4234,0.080978,results/heatmaps/train_64.png
train_65,train,data/pcb_defects/train/WIN_20221103_20_54_02_Pro_jpg.rf.87f3ebee2f298ca1c82ee66be0ba0756.jpg,dry_joint,incorrect_installation,0.92,0.7227,0.2773,0.7,0.0875,0.8,0.0648,0.6226,False,1133.62,2068.94,Component package placement misalignment detected relative to silkscreen fiducial alignment marks.,oof,0,0.0421,0.071219,results/heatmaps/train_65.png
train_66,train,data/pcb_defects/train/WIN_20221030_19_46_52_Pro_jpg.rf.983c34b97cd28f60df79422ae2c33f45.jpg,incorrect_installation,incorrect_installation,0.9999,0.9775,0.0225,0.7,0.3183,0.8,0.3931,0.4349,False,1167.47,2096.69,Component package placement misalignment detected relative to silkscreen fiducial alignment marks.,oof,0,0.4679,0.096888,results/heatmaps/train_66.png
train_67,train,data/pcb_defects/train/WIN_20221103_21_57_51_Pro_jpg.rf.831a2335c125254c64c2288e7a245065.jpg,incorrect_installation,incorrect_installation,0.9556,0.7142,0.2858,0.7,0.2781,0.8,0.244,0.5718,False,833.95,2068.94,Component package placement misalignment detected relative to silkscreen fiducial alignment marks.,oof,3,0.21,0.054498,results/heatmaps/train_67.png
train_68,train,data/pcb_defects/train/WIN_20221017_19_23_46_Pro_jpg.rf.8f914b05d2068cec0cad398c7c5157c2.jpg,dry_joint,dry_joint,0.9995,0.9463,0.0537,0.6,0.3006,0.89,0.2425,0.456,False,770.23,2096.69,Insufficient solder meniscus wetting and cold joint voiding observed on through-hole connection.,oof,1,0.1845,0.097273,results/heatmaps/train_68.png
train_69,train,data/pcb_defects/train/WIN_20221017_18_50_25_Pro_jpg.rf.879494a79c3899c21e9937c6a7d324ac.jpg,short_circuit,short_circuit,0.975,0.7526,0.2474,0.9,0.0136,0.89,0.0487,0.687,True,753.22,2068.94,"High-severity solder bridge / conductive trace short detected across adjacent component terminal pads, violating trace clearance.",oof,2,0.0838,0.053988,results/heatmaps/train_69.png
train_70,train,data/pcb_defects/train/WIN_20221017_19_35_42_Pro_jpg.rf.9ab6da4e6e14351b0bfa0e20c840464a.jpg,normal,incorrect_installation,0.4966,0.3828,0.6172,0.7,0.0,0.8,0.0,0.761,True,802.99,2105.69,Component package placement misalignment detected relative to silkscreen fiducial alignment marks.,oof,0,0.0,0.048079,results/heatmaps/train_70.png
train_71,train,data/pcb_defects/train/WIN_20221030_19_19_50_Pro_jpg.rf.a00790c73f0e617a6be6491c1040936a.jpg,incorrect_installation,incorrect_installation,0.9927,0.8574,0.1426,0.7,0.0734,0.8,0.0531,0.579,False,789.66,2068.94,Component package placement misalignment detected relative to silkscreen fiducial alignment marks.,oof,3,0.0327,0.051914,results/heatmaps/train_71.png
train_72,train,data/pcb_defects/train/WIN_20221030_19_42_18_Pro_jpg.rf.9dac33405f95ae7dc0ea6000f30b5dbc.jpg,incorrect_installation,incorrect_installation,0.9966,0.8836,0.1164,0.6999,0.0,0.8,0.034,0.5755,False,792.17,2096.69,Component package placement misalignment detected relative to silkscreen fiducial alignment marks.,oof,1,0.0681,0.124179,results/heatmaps/train_72.png
train_73,train,data/pcb_defects/train/WIN_20221017_19_23_09_Pro_jpg.rf.95385629339cf3a099b234cbdbdfe601.jpg,dry_joint,dry_joint,0.9974,0.9037,0.0963,0.6,0.2698,0.89,0.1878,0.4874,False,775.74,2068.94,Insufficient solder meniscus wetting and cold joint voiding observed on through-hole connection.,oof,1,0.1059,0.094523,results/heatmaps/train_73.png
train_74,train,data/pcb_defects/train/WIN_20221102_19_55_28_Pro_jpg.rf.a00ac4c6cd29ffaa78a165f24f0f8e46.jpg,incorrect_installation,incorrect_installation,1.0,0.9878,0.0122,0.7,0.2326,0.8,0.2312,0.4799,False,795.21,2096.69,Component package placement misalignment detected relative to silkscreen fiducial alignment marks.,oof,1,0.2298,0.082376,results/heatmaps/train_74.png
train_75,train,data/pcb_defects/train/WIN_20221023_15_48_45_Pro_jpg.rf.a372f04ef43851bd396cf86f3d5a957d.jpg,incorrect_installation,incorrect_installation,0.9964,0.8821,0.1179,0.7,0.0985,0.8,0.0996,0.5564,False,770.0,2068.94,Component package placement misalignment detected relative to silkscreen fiducial alignment marks.,oof,0,0.1007,0.069283,results/heatmaps/train_75.png
train_76,train,data/pcb_defects/train/WIN_20221103_20_55_12_Pro_jpg.rf.b0eadac215668ff37e9d453c305fa5a7.jpg,dry_joint,dry_joint,0.9948,0.8797,0.1203,0.6,0.0193,0.89,0.0404,0.54,False,778.44,2096.69,Insufficient solder meniscus wetting and cold joint voiding observed on through-hole connection.,oof,0,0.0615,0.07884,results/heatmaps/train_76.png
train_77,train,data/pcb_defects/train/WIN_20221023_15_16_07_Pro_jpg.rf.ba34d991c5972f961432ff9af24708c3.jpg,incorrect_installation,incorrect_installation,0.9993,0.9464,0.0536,0.7,0.361,0.8,0.4313,0.4344,False,772.65,2068.94,Component package placement misalignment detected relative to silkscreen fiducial alignment marks.,oof,2,0.5016,0.128749,results/heatmaps/train_77.png
train_78,train,data/pcb_defects/train/WIN_20221023_15_49_19_Pro_jpg.rf.b56b4fab64719bdeddd5b28739e0db7e.jpg,incorrect_installation,incorrect_installation,0.9924,0.8904,0.1096,0.7,0.2648,0.8,0.1771,0.5302,False,1071.12,2096.69,Component package placement misalignment detected relative to silkscreen fiducial alignment marks.,oof,1,0.0895,0.097239,results/heatmaps/train_78.png
train_79,train,data/pcb_defects/train/WIN_20221102_19_40_19_Pro_jpg.rf.bb49ec02d7988857cc4877600055481e.jpg,incorrect_installation,incorrect_installation,0.9918,0.8557,0.1443,0.7,0.2597,0.8,0.1921,0.5379,False,1127.0,2096.69,Component package placement misalignment detected relative to silkscreen fiducial alignment marks.,oof,2,0.1245,0.084646,results/heatmaps/train_79.png
train_80,train,data/pcb_defects/train/WIN_20221030_19_10_38_Pro_jpg.rf.ab020d62a6ae9d5feebc1fd6117da602.jpg,normal,incorrect_installation,0.9994,0.9552,0.0448,0.7,0.0,0.8,0.0,0.5607,False,942.29,2068.94,Component package placement misalignment detected relative to silkscreen fiducial alignment marks.,oof,1,0.0,0.07509,results/heatmaps/train_80.png
train_81,train,data/pcb_defects/train/WIN_20221103_21_55_17_Pro_jpg.rf.bb6c78d66b94729bc827c1688a594371.jpg,short_circuit,incorrect_installation,0.8954,0.5815,0.4185,0.7,0.1661,0.8,0.1086,0.6589,False,781.76,2096.69,Component package placement misalignment detected relative to silkscreen fiducial alignment marks.,oof,2,0.051,0.03712,results/heatmaps/train_81.png
train_82,train,data/pcb_defects/train/WIN_20221017_19_37_22_Pro_jpg.rf.bd7b7a480c6cff39ee1914b946661782.jpg,normal,dry_joint,0.5079,0.3506,0.6494,0.6,0.0,0.89,0.0,0.7373,True,773.72,2068.94,Insufficient solder meniscus wetting and cold joint voiding observed on through-hole connection.,oof,2,0.0,0.042674,results/heatmaps/train_82.png
train_83,train,data/pcb_defects/train/WIN_20221017_18_54_24_Pro_jpg.rf.966daa6e8bfda08a5886f7be6ee99951.jpg,incorrect_installation,short_circuit,0.9667,0.7266,0.2734,0.9,0.2198,0.89,0.1688,0.66,False,776.24,2096.69,"High-severity solder bridge / conductive trace short detected across adjacent component terminal pads, violating trace clearance.",oof,0,0.1179,0.074779,results/heatmaps/train_83.png
train_84,train,data/pcb_defects/train/WIN_20221023_15_32_19_Pro_jpg.rf.bd9192f212811867408d9775f1e7847a.jpg,normal,incorrect_installation,0.9969,0.9013,0.0987,0.7,0.0,0.8,0.0,0.5796,False,800.15,2068.94,Component package placement misalignment detected relative to silkscreen fiducial alignment marks.,oof,0,0.0,0.056957,results/heatmaps/train_84.png
train_85,train,data/pcb_defects/train/WIN_20221017_19_17_18_Pro_jpg.rf.b21ec12106d18c90afcafb2cddbeff9d.jpg,dry_joint,dry_joint,1.0,0.9903,0.0097,0.6,0.1708,0.89,0.1434,0.4704,False,797.4,2096.69,Insufficient solder meniscus wetting and cold joint voiding observed on through-hole connection.,oof,2,0.116,0.108352,results/heatmaps/train_85.png
train_86,train,data/pcb_defects/train/WIN_20221030_19_15_04_Pro_jpg.rf.adf21df5040921872ec0fce9e1ec1410.jpg,incorrect_installation,incorrect_installation,0.9721,0.7715,0.2285,0.7,0.1247,0.8,0.2719,0.5434,False,779.76,2068.94,Component package placement misalignment detected relative to silkscreen fiducial alignment marks.,oof,2,0.419,0.076353,results/heatmaps/train_86.png
train_87,train,data/pcb_defects/train/WIN_20221023_15_49_14_Pro_jpg.rf.cf23bbaa5c265d26e019adfe2e4574f4.jpg,incorrect_installation,incorrect_installation,0.9997,0.9679,0.0321,0.7,0.1923,0.8,0.1844,0.5009,False,758.95,2096.69,Component package placement misalignment detected relative to silkscreen fiducial alignment marks.,oof,3,0.1765,0.07259,results/heatmaps/train_87.png
train_88,train,data/pcb_defects/train/WIN_20221030_19_01_37_Pro_jpg.rf.a40bf277bd31b9e3fd91cb6598653251.jpg,incorrect_installation,incorrect_installation,0.9995,0.9603,0.0397,0.7,0.2078,0.8,0.2111,0.4956,False,749.48,2068.94,Component package placement misalignment detected relative to silkscreen fiducial alignment marks.,oof,3,0.2144,0.070378,results/heatmaps/train_88.png
train_89,train,data/pcb_defects/train/WIN_20221023_15_16_11_Pro_jpg.rf.c2466e1422d911404ad0061f3080a902.jpg,incorrect_installation,incorrect_installation,1.0,0.985,0.015,0.7,0.431,0.8,0.4764,0.4073,False,787.93,2068.94,Component package placement misalignment detected relative to silkscreen fiducial alignment marks.,oof,1,0.5217,0.137724,results/heatmaps/train_89.png
train_90,train,data/pcb_defects/train/WIN_20221102_19_40_47_Pro_jpg.rf.b4855db8f82275de02a2c767e74ca4b2.jpg,incorrect_installation,incorrect_installation,0.9766,0.7762,0.2238,0.7,0.3021,0.8,0.2432,0.5504,False,781.64,2096.69,Component package placement misalignment detected relative to silkscreen fiducial alignment marks.,oof,0,0.1843,0.073379,results/heatmaps/train_90.png
train_91,train,data/pcb_defects/train/WIN_20221030_19_21_51_Pro_jpg.rf.d1d8a8a98e405a88679d46a64de0e22a.jpg,incorrect_installation,incorrect_installation,0.999,0.9393,0.0607,0.7,0.3799,0.8,0.2615,0.4878,False,943.33,2068.94,Component package placement misalignment detected relative to silkscreen fiducial alignment marks.,oof,0,0.1431,0.086934,results/heatmaps/train_91.png
train_92,train,data/pcb_defects/train/WIN_20221017_19_35_06_Pro_jpg.rf.b652b0ca17a6dfe7d5829df60c0ab529.jpg,normal,normal,0.9944,0.9088,0.0912,0.05,1.0,0.8,0.5,0.1994,False,1163.57,2096.69,"Surface trace geometry and solder pads conform to IPC-A-610 standards with no visible bridging, cracking, or misalignment.",oof,0,0.0,0.088322,results/heatmaps/train_92.png
train_93,train,data/pcb_defects/train/WIN_20221102_20_01_40_Pro_jpg.rf.d0687bdf851809b668cb03efd8ca9717.jpg,incorrect_installation,incorrect_installation,0.983,0.7774,0.2226,0.7,0.1619,0.8,0.1579,0.5755,False,1009.41,2068.94,Component package placement misalignment detected relative to silkscreen fiducial alignment marks.,oof,2,0.1539,0.079019,results/heatmaps/train_93.png
train_94,train,data/pcb_defects/train/WIN_20221030_19_12_16_Pro_jpg.rf.be0e330506d89a07750584ef6d9a625f.jpg,normal,incorrect_installation,0.864,0.6571,0.3429,0.7,0.0,0.8,0.0,0.665,False,766.9,2096.7,Component package placement misalignment detected relative to silkscreen fiducial alignment marks.,oof,3,0.0,0.064132,results/heatmaps/train_94.png
train_95,train,data/pcb_defects/train/WIN_20221017_18_48_04_Pro_jpg.rf.d6b012acc14846ece8b9eea0b19c23ce.jpg,pcb_damage,pcb_damage,0.9257,0.629,0.371,0.8,0.0876,0.8,0.0792,0.6861,True,777.23,2068.95,"Substrate physical fracture / surface scratch detected across FR4 laminate layer, exposing internal copper traces.",oof,0,0.0709,0.046347,results/heatmaps/train_95.png
train_96,train,data/pcb_defects/train/WIN_20221017_18_53_01_Pro_jpg.rf.d8dc56f47ceab59bc81d4246b30a55c4.jpg,incorrect_installation,incorrect_installation,0.6936,0.4655,0.5345,0.7,0.0,0.8,0.0046,0.7307,True,783.44,2096.7,Component package placement misalignment detected relative to silkscreen fiducial alignment marks.,oof,1,0.0091,0.041196,results/heatmaps/train_96.png
train_97,train,data/pcb_defects/train/WIN_20221023_15_50_03_Pro_jpg.rf.cf78b962b554063abb38c4363121bab5.jpg,normal,incorrect_installation,0.9925,0.839,0.161,0.7,0.0,0.8,0.0,0.6013,False,766.23,2068.95,Component package placement misalignment detected relative to silkscreen fiducial alignment marks.,oof,2,0.0,0.052626,results/heatmaps/train_97.png
train_98,train,data/pcb_defects/train/WIN_20221030_18_47_36_Pro_jpg.rf.d34b212d821d9630bbcd896bc3753c09.jpg,normal,normal,0.6936,0.4838,0.5162,0.05,1.0,0.8,0.5,0.3482,False,763.47,2096.7,"Surface trace geometry and solder pads conform to IPC-A-610 standards with no visible bridging, cracking, or misalignment.",oof,3,0.0,0.040918,results/heatmaps/train_98.png
train_99,train,data/pcb_defects/train/WIN_20221017_19_23_50_Pro_jpg.rf.c7c358ff721ba57e830bb6e0f1d8a642.jpg,dry_joint,dry_joint,0.9977,0.9184,0.0816,0.6,0.1686,0.89,0.1408,0.4963,False,761.0,2068.95,Insufficient solder meniscus wetting and cold joint voiding observed on through-hole connection.,oof,3,0.1131,0.102134,results/heatmaps/train_99.png
train_100,train,data/pcb_defects/train/WIN_20221017_18_48_12_Pro_jpg.rf.e3854ad10d9469599c53f121cc8305ad.jpg,incorrect_installation,pcb_damage,0.7814,0.5286,0.4714,0.7814,0.0,0.8,0.0214,0.732,True,772.26,2096.7,"Substrate physical fracture / surface scratch detected across FR4 laminate layer, exposing internal copper traces.",oof,0,0.0428,0.070309,results/heatmaps/train_100.png
train_101,train,data/pcb_defects/train/WIN_20221102_19_22_49_Pro_jpg.rf.e3051a6483785232c22517ddd277ffa7.jpg,incorrect_installation,incorrect_installation,0.962,0.7283,0.2717,0.7,0.1987,0.8,0.2286,0.5715,False,767.07,2068.95,Component package placement misalignment detected relative to silkscreen fiducial alignment marks.,oof,3,0.2585,0.04935,results/heatmaps/train_101.png
train_102,train,data/pcb_defects/train/WIN_20221017_19_22_57_Pro_jpg.rf.dd9d4d9e15f8a1e578e09e1f5a3b658a.jpg,dry_joint,dry_joint,0.4102,0.3052,0.6948,0.6,0.3741,0.89,0.2877,0.6669,False,776.7,2096.7,Insufficient solder meniscus wetting and cold joint voiding observed on through-hole connection.,oof,2,0.2014,0.05002,results/heatmaps/train_102.png
train_103,train,data/pcb_defects/train/WIN_20221030_19_18_44_Pro_jpg.rf.d9127bba59846a33ab3a19965a4c02d7.jpg,incorrect_installation,incorrect_installation,0.8082,0.4949,0.5051,0.7,0.2724,0.8,0.3069,0.6297,False,806.59,2068.95,Component package placement misalignment detected relative to silkscreen fiducial alignment marks.,oof,2,0.3414,0.067739,results/heatmaps/train_103.png
train_104,train,data/pcb_defects/train/WIN_20221102_20_16_15_Pro_jpg.rf.d74b3fe9aae801edf151f05b5f2735b9.jpg,incorrect_installation,incorrect_installation,0.989,0.839,0.161,0.7,0.2395,0.8,0.1948,0.5429,False,768.83,2096.7,Component package placement misalignment detected relative to silkscreen fiducial alignment marks.,oof,0,0.1501,0.073519,results/heatmaps/train_104.png
train_105,train,data/pcb_defects/train/WIN_20221102_20_16_08_Pro_jpg.rf.ee2e832100f721efc892d46bb905232d.jpg,incorrect_installation,short_circuit,0.7493,0.614,0.386,0.9,0.0707,0.89,0.0718,0.7285,True,1120.71,2068.95,"High-severity solder bridge / conductive trace short detected across adjacent component terminal pads, violating trace clearance.",oof,3,0.0729,0.058838,results/heatmaps/train_105.png
train_106,train,data/pcb_defects/train/WIN_20221030_19_36_50_Pro_jpg.rf.d4745be47ca3cf3f8068a363bac6763e.jpg,incorrect_installation,incorrect_installation,0.9903,0.8289,0.1711,0.7,0.1795,0.8,0.2938,0.5167,False,1153.9,2096.7,Component package placement misalignment detected relative to silkscreen fiducial alignment marks.,oof,1,0.408,0.081447,results/heatmaps/train_106.png
train_107,train,data/pcb_defects/train/WIN_20221017_18_46_59_Pro_jpg.rf.d0b0eb817561f640234856f44b206faa.jpg,pcb_damage,incorrect_installation,0.6818,0.4989,0.5011,0.7,0.2598,0.8,0.4502,0.5853,False,755.8,2068.95,Component package placement misalignment detected relative to silkscreen fiducial alignment marks.,oof,2,0.6406,0.052035,results/heatmaps/train_107.png
train_108,train,data/pcb_defects/train/WIN_20221103_22_01_40_Pro_jpg.rf.d630087e52baea065ba98edc3cbd7f01.jpg,incorrect_installation,incorrect_installation,0.8735,0.6189,0.3811,0.7,0.0859,0.8,0.1576,0.6311,False,799.34,2096.7,Component package placement misalignment detected relative to silkscreen fiducial alignment marks.,oof,0,0.2294,0.053363,results/heatmaps/train_108.png
train_109,train,data/pcb_defects/train/WIN_20221017_19_11_31_Pro_jpg.rf.daa5574bac566b19f89a169f35280ba8.jpg,normal,dry_joint,0.774,0.471,0.529,0.6,0.0,0.89,0.0,0.6951,True,778.71,2068.95,Insufficient solder meniscus wetting and cold joint voiding observed on through-hole connection.,oof,2,0.0,0.032457,results/heatmaps/train_109.png
train_110,train,data/pcb_defects/train/WIN_20221030_19_23_42_Pro_jpg.rf.ed9d9f7a89097ddf623d1ab6d00fa7a7.jpg,incorrect_installation,short_circuit,0.7697,0.5632,0.4368,0.9,0.0924,0.89,0.3838,0.6527,False,782.27,2096.7,"High-severity solder bridge / conductive trace short detected across adjacent component terminal pads, violating trace clearance.",oof,0,0.6753,0.059711,results/heatmaps/train_110.png
train_111,train,data/pcb_defects/train/WIN_20221030_19_01_46_Pro_jpg.rf.dca3c987ae38d36f555da87009af761d.jpg,incorrect_installation,incorrect_installation,1.0,0.9869,0.0131,0.7,0.3234,0.8,0.32,0.4536,False,769.56,2068.95,Component package placement misalignment detected relative to silkscreen fiducial alignment marks.,oof,1,0.3165,0.130036,results/heatmaps/train_111.png
train_112,train,data/pcb_defects/train/WIN_20221102_20_16_50_Pro_jpg.rf.f0dffb5061aa967332cda83744eeb93a.jpg,short_circuit,short_circuit,0.8092,0.6465,0.3535,0.9,0.2614,0.89,0.2985,0.6492,False,803.49,2096.71,"High-severity solder bridge / conductive trace short detected across adjacent component terminal pads, violating trace clearance.",oof,3,0.3356,0.049849,results/heatmaps/train_112.png
train_113,train,data/pcb_defects/train/WIN_20221023_15_49_33_Pro_jpg.rf.dc97850567a4485eb9ee87d7f21bd941.jpg,incorrect_installation,incorrect_installation,0.9996,0.953,0.047,0.7,0.296,0.8,0.193,0.5035,False,822.65,2068.96,Component package placement misalignment detected relative to silkscreen fiducial alignment marks.,oof,0,0.0901,0.100342,results/heatmaps/train_113.png
train_114,train,data/pcb_defects/train/WIN_20221103_20_57_05_Pro_jpg.rf.a99fbf032beac4d782a9bf30cf314801.jpg,dry_joint,dry_joint,0.9,0.6817,0.3183,0.6,0.1488,0.89,0.1367,0.5804,False,843.84,2096.71,Insufficient solder meniscus wetting and cold joint voiding observed on through-hole connection.,oof,3,0.1246,0.058686,results/heatmaps/train_114.png
train_115,train,data/pcb_defects/train/WIN_20221030_19_50_51_Pro_jpg.rf.f12beaa1d81a003fe71b46665073ca79.jpg,incorrect_installation,incorrect_installation,0.8386,0.6484,0.3516,0.7,0.013,0.8,0.083,0.6431,False,819.29,2068.96,Component package placement misalignment detected relative to silkscreen fiducial alignment marks.,oof,0,0.1531,0.069352,results/heatmaps/train_115.png
train_116,train,data/pcb_defects/train/WIN_20221030_19_43_12_Pro_jpg.rf.f4d50d79ddef691f6801781dfcde86a6.jpg,incorrect_installation,incorrect_installation,0.6074,0.4868,0.5132,0.7,0.3489,0.8,0.2304,0.6555,False,810.82,2096.71,Component package placement misalignment detected relative to silkscreen fiducial alignment marks.,oof,3,0.1118,0.057752,results/heatmaps/train_116.png
train_117,train,data/pcb_defects/train/WIN_20221103_20_58_57_Pro_jpg.rf.fe3e42091769c6af32685c1fc06fcf9f.jpg,short_circuit,dry_joint,0.6096,0.5462,0.4538,0.6,0.0,0.89,0.0034,0.6678,False,783.06,2068.96,Insufficient solder meniscus wetting and cold joint voiding observed on through-hole connection.,oof,2,0.0069,0.060367,results/heatmaps/train_117.png
train_118,train,data/pcb_defects/train/WIN_20221030_19_32_21_Pro_jpg.rf.f621a185352a704ef95e75414180d196.jpg,incorrect_installation,incorrect_installation,0.9633,0.7304,0.2696,0.7,0.3009,0.8,0.4528,0.5035,False,1228.86,2096.71,Component package placement misalignment detected relative to silkscreen fiducial alignment marks.,oof,0,0.6047,0.039264,results/heatmaps/train_118.png
train_119,train,data/pcb_defects/train/WIN_20221017_19_17_15_Pro_jpg.rf.f47c48aa7c02b42fad03d88f3a32ffe8.jpg,dry_joint,dry_joint,1.0,0.9942,0.0058,0.6,0.1025,0.89,0.0898,0.4851,False,1125.86,2096.71,Insufficient solder meniscus wetting and cold joint voiding observed on through-hole connection.,oof,2,0.0771,0.12314,results/heatmaps/train_119.png
train_120,train,data/pcb_defects/train/WIN_20221103_21_53_35_Pro_jpg.rf.f7aa0230cfd434ee6f62b3de7e4a528a.jpg,short_circuit,short_circuit,0.9967,0.8926,0.1074,0.9,0.0026,0.89,0.0066,0.6506,False,872.01,2068.96,"High-severity solder bridge / conductive trace short detected across adjacent component terminal pads, violating trace clearance.",oof,3,0.0106,0.066227,results/heatmaps/train_120.png
train_121,train,data/pcb_defects/train/WIN_20221023_15_32_11_Pro_jpg.rf.fa2eb99411a4ffaf8b54e8a8abdbb53f.jpg,incorrect_installation,incorrect_installation,0.9834,0.7735,0.2265,0.7,0.516,0.8,0.4135,0.5002,False,773.28,2096.71,Component package placement misalignment detected relative to silkscreen fiducial alignment marks.,oof,2,0.311,0.134516,results/heatmaps/train_121.png
train_122,train,data/pcb_defects/train/WIN_20221030_19_13_48_Pro_jpg.rf.dae42e6073d656b9571d11d339bb10ce.jpg,incorrect_installation,incorrect_installation,0.6399,0.5087,0.4913,0.7,0.1525,0.8,0.129,0.6783,True,793.21,2068.96,Component package placement misalignment detected relative to silkscreen fiducial alignment marks.,oof,2,0.1056,0.064911,results/heatmaps/train_122.png
train_123,train,data/pcb_defects/train/WIN_20221017_19_35_58_Pro_jpg.rf.f33a6734e0498a7e33dbe97916e19bb2.jpg,normal,normal,0.8503,0.6261,0.3739,0.05,1.0,0.8,0.5,0.2984,False,788.9,2105.71,"Surface trace geometry and solder pads conform to IPC-A-610 standards with no visible bridging, cracking, or misalignment.",oof,3,0.0,0.03255,results/heatmaps/train_123.png
train_124,train,data/pcb_defects/train/WIN_20221023_15_16_17_Pro_jpg.rf.e6e5ef6005b5f36f140d771d382423bf.jpg,incorrect_installation,incorrect_installation,0.9772,0.7448,0.2552,0.7,0.3759,0.8,0.4031,0.5134,False,846.45,2096.71,Component package placement misalignment detected relative to silkscreen fiducial alignment marks.,oof,2,0.4303,0.094821,results/heatmaps/train_124.png
train_125,train,data/pcb_defects/train/WIN_20221103_20_59_46_Pro_jpg.rf.f79554ee2401b817c2a542c946478867.jpg,short_circuit,short_circuit,0.9979,0.9194,0.0806,0.9,0.0441,0.89,0.0452,0.6296,False,806.12,2068.96,"High-severity solder bridge / conductive trace short detected across adjacent component terminal pads, violating trace clearance.",oof,0,0.0464,0.0882,results/heatmaps/train_125.png
train_126,train,data/pcb_defects/train/WIN_20221023_15_45_21_Pro_jpg.rf.f5790e9b69f0c5b34a7245b2cf6ec405.jpg,incorrect_installation,incorrect_installation,0.9999,0.9826,0.0174,0.7,0.4705,0.8,0.4151,0.4265,False,777.93,2096.72,Component package placement misalignment detected relative to silkscreen fiducial alignment marks.,oof,3,0.3597,0.080337,results/heatmaps/train_126.png
train_127,train,data/pcb_defects/train/WIN_20221017_19_25_55_Pro_jpg.rf.d934aaf9fae55abe70df1ddf6e4a5479.jpg,short_circuit,normal,0.9436,0.6586,0.3414,0.05,0.0,0.8,0.0279,0.4286,False,785.23,2068.97,"Surface trace geometry and solder pads conform to IPC-A-610 standards with no visible bridging, cracking, or misalignment.",oof,1,0.0559,0.055274,results/heatmaps/train_127.png
valid_0,valid,data/pcb_defects/valid/WIN_20221023_15_31_41_Pro_jpg.rf.58942dc44ed418bf57d7e4df1bb47201.jpg,incorrect_installation,incorrect_installation,0.9964,0.8768,0.1232,0.7,0.4103,0.8,0.3757,0.4754,False,779.52,2096.72,Component package placement misalignment detected relative to silkscreen fiducial alignment marks.,oof,2,0.341,0.09602,results/heatmaps/valid_0.png
valid_1,valid,data/pcb_defects/valid/WIN_20221023_15_48_38_Pro_jpg.rf.4f7f3c1330f3e051ac80e69fc2fdf37f.jpg,incorrect_installation,incorrect_installation,0.9996,0.964,0.036,0.7,0.3205,0.8,0.3023,0.4669,False,762.66,2068.97,Component package placement misalignment detected relative to silkscreen fiducial alignment marks.,oof,3,0.2842,0.062738,results/heatmaps/valid_1.png
valid_2,valid,data/pcb_defects/valid/WIN_20221102_19_21_10_Pro_jpg.rf.6726cd5ee8205f7e28c03fef97d2a9ab.jpg,incorrect_installation,incorrect_installation,0.9994,0.952,0.048,0.7,0.0705,0.8,0.0968,0.5328,False,792.66,2068.97,Component package placement misalignment detected relative to silkscreen fiducial alignment marks.,oof,2,0.123,0.076296,results/heatmaps/valid_2.png
valid_3,valid,data/pcb_defects/valid/WIN_20221102_19_43_45_Pro_jpg.rf.65ef4c55db69e18e52f4eed8e23c291d.jpg,short_circuit,incorrect_installation,0.9988,0.9276,0.0724,0.7,0.0214,0.8,0.0169,0.5653,False,1088.79,2096.72,Component package placement misalignment detected relative to silkscreen fiducial alignment marks.,oof,1,0.0124,0.059049,results/heatmaps/valid_3.png
valid_4,valid,data/pcb_defects/valid/WIN_20221102_19_24_51_Pro_jpg.rf.2ee9a5c6be214f4a1643b9269ef6a858.jpg,incorrect_installation,incorrect_installation,0.999,0.9314,0.0686,0.7,0.1502,0.8,0.222,0.5024,False,1098.79,2068.97,Component package placement misalignment detected relative to silkscreen fiducial alignment marks.,oof,0,0.2938,0.061218,results/heatmaps/valid_4.png
valid_5,valid,data/pcb_defects/valid/WIN_20221102_19_23_28_Pro_jpg.rf.404c193a0f251988cc865724948c1902.jpg,incorrect_installation,incorrect_installation,0.7398,0.5578,0.4422,0.7,0.0,0.8,0.0989,0.6701,False,873.59,2068.97,Component package placement misalignment detected relative to silkscreen fiducial alignment marks.,oof,2,0.1977,0.039827,results/heatmaps/valid_5.png
valid_6,valid,data/pcb_defects/valid/WIN_20221017_19_36_39_Pro_jpg.rf.3ae6b966b229ecac54d35844d3210e74.jpg,normal,normal,0.9361,0.7065,0.2935,0.05,1.0,0.8,0.5,0.2702,False,769.99,2068.97,"Surface trace geometry and solder pads conform to IPC-A-610 standards with no visible bridging, cracking, or misalignment.",oof,1,0.0,0.065728,results/heatmaps/valid_6.png
valid_7,valid,data/pcb_defects/valid/WIN_20221102_19_57_08_Pro_jpg.rf.9bfe8f8206a23d11a807fd7dc647b259.jpg,normal,incorrect_installation,0.8902,0.5657,0.4343,0.7,0.0,0.8,0.0,0.697,True,797.92,2068.97,Component package placement misalignment detected relative to silkscreen fiducial alignment marks.,oof,1,0.0,0.048778,results/heatmaps/valid_7.png
valid_8,valid,data/pcb_defects/valid/WIN_20221017_18_51_48_Pro_jpg.rf.9586851583a7db6a6129e90002553f84.jpg,short_circuit,short_circuit,0.9966,0.8895,0.1105,0.9,0.0,0.89,0.0212,0.6473,False,766.43,2068.97,"High-severity solder bridge / conductive trace short detected across adjacent component terminal pads, violating trace clearance.",oof,3,0.0423,0.080338,results/heatmaps/valid_8.png
valid_9,valid,data/pcb_defects/valid/WIN_20221023_15_31_14_Pro_jpg.rf.9a636ab8fa6a42e96e7df622a6530736.jpg,incorrect_installation,incorrect_installation,1.0,0.9928,0.0072,0.7,0.3458,0.8,0.3634,0.4385,False,758.25,2068.97,Component package placement misalignment detected relative to silkscreen fiducial alignment marks.,oof,1,0.381,0.145548,results/heatmaps/valid_9.png
valid_10,valid,data/pcb_defects/valid/WIN_20221103_21_10_32_Pro_jpg.rf.6e3e61a137e85d42aa30608ef3d7c6f3.jpg,short_circuit,short_circuit,0.9602,0.7678,0.2322,0.9,0.0465,0.89,0.054,0.6801,True,779.13,2096.72,"High-severity solder bridge / conductive trace short detected across adjacent component terminal pads, violating trace clearance.",oof,3,0.0615,0.064819,results/heatmaps/valid_10.png
valid_11,valid,data/pcb_defects/valid/WIN_20221103_21_15_08_Pro_jpg.rf.9d0a76c7932aebeed2a93d15b325b1eb.jpg,incorrect_installation,incorrect_installation,0.6226,0.4085,0.5915,0.7,0.2109,0.8,0.2973,0.6628,False,769.39,2068.97,Component package placement misalignment detected relative to silkscreen fiducial alignment marks.,oof,2,0.3836,0.04574,results/heatmaps/valid_11.png
valid_12,valid,data/pcb_defects/valid/WIN_20221103_21_07_15_Pro_jpg.rf.ae6be8821656da5720ef6e5e83cd0a86.jpg,short_circuit,incorrect_installation,0.9946,0.8574,0.1426,0.7,0.054,0.8,0.0394,0.5831,False,771.91,2068.97,Component package placement misalignment detected relative to silkscreen fiducial alignment marks.,oof,1,0.0249,0.052022,results/heatmaps/valid_12.png
valid_13,valid,data/pcb_defects/valid/WIN_20221103_20_51_38_Pro_jpg.rf.9424f7138d804bbd632fa1f16386e2ab.jpg,dry_joint,dry_joint,0.888,0.5998,0.4002,0.6,0.0247,0.89,0.0265,0.6421,False,762.64,2068.97,Insufficient solder meniscus wetting and cold joint voiding observed on through-hole connection.,oof,3,0.0284,0.042377,results/heatmaps/valid_13.png
valid_14,valid,data/pcb_defects/valid/WIN_20221103_21_01_34_Pro_jpg.rf.a7ef1453d0ebdb96be1861f0d8021889.jpg,short_circuit,short_circuit,0.9992,0.9466,0.0534,0.9,0.0,0.89,0.0076,0.6314,False,772.46,2068.97,"High-severity solder bridge / conductive trace short detected across adjacent component terminal pads, violating trace clearance.",oof,0,0.0151,0.123733,results/heatmaps/valid_14.png
valid_15,valid,data/pcb_defects/valid/WIN_20221102_19_45_27_Pro_jpg.rf.b19944f6ba014ad8faf77e39f179342b.jpg,incorrect_installation,incorrect_installation,0.5412,0.4676,0.5324,0.7,0.181,0.8,0.1705,0.6802,True,776.14,2068.97,Component package placement misalignment detected relative to silkscreen fiducial alignment marks.,oof,2,0.16,0.063947,results/heatmaps/valid_15.png
valid_16,valid,data/pcb_defects/valid/WIN_20221023_15_32_00_Pro_jpg.rf.c9de50e38623b776f3653e2b9f309385.jpg,incorrect_installation,incorrect_installation,0.9991,0.93,0.07,0.7,0.3588,0.8,0.365,0.46,False,953.73,2068.98,Component package placement misalignment detected relative to silkscreen fiducial alignment marks.,oof,1,0.3711,0.118547,results/heatmaps/valid_16.png
valid_17,valid,data/pcb_defects/valid/WIN_20221023_15_35_12_Pro_jpg.rf.a2efb1ab8f702b5101d8e7f744f4cc02.jpg,normal,normal,0.9939,0.8919,0.1081,0.05,1.0,0.8,0.5,0.2053,False,1155.39,2068.98,"Surface trace geometry and solder pads conform to IPC-A-610 standards with no visible bridging, cracking, or misalignment.",oof,2,0.0,0.071504,results/heatmaps/valid_17.png
valid_18,valid,data/pcb_defects/valid/WIN_20221023_15_35_05_Pro_jpg.rf.eef460fd27ed7cffeee8e6c17aec4355.jpg,normal,normal,0.8309,0.6258,0.3742,0.05,1.0,0.8,0.5,0.2985,False,1068.86,2068.98,"Surface trace geometry and solder pads conform to IPC-A-610 standards with no visible bridging, cracking, or misalignment.",oof,3,0.0,0.039677,results/heatmaps/valid_18.png
valid_19,valid,data/pcb_defects/valid/WIN_20221023_15_49_02_Pro_jpg.rf.d5f658e6404749d3d432353c7bb9ccf5.jpg,incorrect_installation,incorrect_installation,0.9698,0.7552,0.2448,0.7,0.0963,0.8,0.0899,0.6037,False,796.67,2068.98,Component package placement misalignment detected relative to silkscreen fiducial alignment marks.,oof,2,0.0835,0.088535,results/heatmaps/valid_19.png
valid_20,valid,data/pcb_defects/valid/WIN_20221103_21_07_41_Pro_jpg.rf.98e084316768ec7f38310e685e35614e.jpg,short_circuit,short_circuit,0.9666,0.7275,0.2725,0.9,0.0427,0.89,0.0444,0.697,True,754.74,2068.98,"High-severity solder bridge / conductive trace short detected across adjacent component terminal pads, violating trace clearance.",oof,1,0.0461,0.035944,results/heatmaps/valid_20.png
valid_21,valid,data/pcb_defects/valid/WIN_20221017_18_59_03_Pro_jpg.rf.d34303e976f5f9fe84e6e49c4917b61c.jpg,short_circuit,short_circuit,0.9978,0.9188,0.0812,0.9,0.0509,0.89,0.0415,0.631,False,758.46,2068.98,"High-severity solder bridge / conductive trace short detected across adjacent component terminal pads, violating trace clearance.",oof,0,0.0321,0.089984,results/heatmaps/valid_21.png
valid_22,valid,data/pcb_defects/valid/WIN_20221017_19_38_23_Pro_jpg.rf.f62826fbfa2515353c38412be0604f8d.jpg,normal,normal,0.9847,0.7953,0.2047,0.05,1.0,0.8,0.5,0.2391,False,777.09,2068.98,"Surface trace geometry and solder pads conform to IPC-A-610 standards with no visible bridging, cracking, or misalignment.",oof,0,0.0,0.044671,results/heatmaps/valid_22.png
valid_23,valid,data/pcb_defects/valid/WIN_20221102_19_53_43_Pro_jpg.rf.cdce31c300f6186034fd3fc4568a667a.jpg,incorrect_installation,incorrect_installation,0.9232,0.6909,0.3091,0.7,0.2025,0.8,0.1555,0.6065,False,764.38,2068.98,Component package placement misalignment detected relative to silkscreen fiducial alignment marks.,oof,3,0.1084,0.052399,results/heatmaps/valid_23.png
valid_24,valid,data/pcb_defects/valid/WIN_20221017_18_54_10_Pro_jpg.rf.b7269305620a4a20aeb6545b0f44ba53.jpg,short_circuit,short_circuit,0.9431,0.6969,0.3031,0.9,0.017,0.89,0.0534,0.7051,True,818.33,2068.98,"High-severity solder bridge / conductive trace short detected across adjacent component terminal pads, violating trace clearance.",oof,0,0.0898,0.062716,results/heatmaps/valid_24.png
test_0,test,data/pcb_defects/test/WIN_20221023_15_48_49_Pro_jpg.rf.13c0365a2a6fa4e7d1ebd64646a28b43.jpg,incorrect_installation,incorrect_installation,0.9996,0.9557,0.0443,0.7,0.3411,0.8,0.2978,0.4711,False,784.19,2068.98,Component package placement misalignment detected relative to silkscreen fiducial alignment marks.,test,-1,0.2546,0.105136,results/heatmaps/test_0.png
test_1,test,data/pcb_defects/test/WIN_20221023_15_49_28_Pro_jpg.rf.b6e6238f2d803e88caae40c457368cef.jpg,incorrect_installation,incorrect_installation,1.0,0.9982,0.0018,0.7,0.3548,0.8,0.3352,0.4451,False,770.76,2068.98,Component package placement misalignment detected relative to silkscreen fiducial alignment marks.,test,-1,0.3155,0.129648,results/heatmaps/test_1.png
test_2,test,data/pcb_defects/test/WIN_20221017_19_36_26_Pro_jpg.rf.82b43e8f2ee72ace4d79a46d4a8ed253.jpg,normal,short_circuit,0.6672,0.4518,0.5482,0.9,0.0,0.89,0.0,0.8069,True,771.14,2068.98,"High-severity solder bridge / conductive trace short detected across adjacent component terminal pads, violating trace clearance.",test,-1,0.0,0.054232,results/heatmaps/test_2.png
test_3,test,data/pcb_defects/test/WIN_20221102_19_40_29_Pro_jpg.rf.9c21aaab1db94cb17b2ba9ac5467e36d.jpg,incorrect_installation,incorrect_installation,0.9995,0.9527,0.0473,0.7,0.2939,0.8,0.2223,0.4949,False,780.31,2068.98,Component package placement misalignment detected relative to silkscreen fiducial alignment marks.,test,-1,0.1507,0.117716,results/heatmaps/test_3.png
test_4,test,data/pcb_defects/test/WIN_20221017_18_56_15_Pro_jpg.rf.6722a02396c373d65aec1895241d6c2d.jpg,dry_joint,normal,0.7804,0.4936,0.5064,0.05,0.0,0.8,0.0343,0.4845,False,878.31,2068.98,"Surface trace geometry and solder pads conform to IPC-A-610 standards with no visible bridging, cracking, or misalignment.",test,-1,0.0686,0.04938,results/heatmaps/test_4.png
test_5,test,data/pcb_defects/test/WIN_20221103_21_59_06_Pro_jpg.rf.0c2a0f7b715a85c652ec2788da084069.jpg,dry_joint,incorrect_installation,0.8415,0.5285,0.4715,0.6821,0.0,0.8,0.0325,0.694,True,1139.39,2068.98,Component package placement misalignment detected relative to silkscreen fiducial alignment marks.,test,-1,0.065,0.07649,results/heatmaps/test_5.png
test_6,test,data/pcb_defects/test/WIN_20221017_19_24_14_Pro_jpg.rf.50eb538a7e689c8b5b9671446e6f6e02.jpg,dry_joint,normal,0.5965,0.4131,0.5869,0.05,0.0,0.8,0.0002,0.5228,False,1145.84,2068.98,"Surface trace geometry and solder pads conform to IPC-A-610 standards with no visible bridging, cracking, or misalignment.",test,-1,0.0005,0.030789,results/heatmaps/test_6.png
test_7,test,data/pcb_defects/test/WIN_20221102_19_17_36_Pro_jpg.rf.7ff31c456ba69d6bc318b801c2656038.jpg,incorrect_installation,incorrect_installation,0.9982,0.9166,0.0834,0.7,0.0685,0.8,0.0502,0.5591,False,773.86,2068.98,Component package placement misalignment detected relative to silkscreen fiducial alignment marks.,test,-1,0.0319,0.061758,results/heatmaps/test_7.png
test_8,test,data/pcb_defects/test/WIN_20221017_19_40_12_Pro_jpg.rf.198545a807201009bfd9840eddb0c43b.jpg,dry_joint,normal,0.4285,0.3063,0.6937,0.05,0.0,0.8,0.0,0.5603,False,743.36,2068.98,"Surface trace geometry and solder pads conform to IPC-A-610 standards with no visible bridging, cracking, or misalignment.",test,-1,0.0,0.041996,results/heatmaps/test_8.png
test_9,test,data/pcb_defects/test/WIN_20221017_19_00_16_Pro_jpg.rf.144f7fde144e542ad2853c6d15fa5508.jpg,dry_joint,incorrect_installation,0.501,0.3473,0.6527,0.6891,0.2514,0.8,0.1987,0.71,True,796.1,2068.98,Component package placement misalignment detected relative to silkscreen fiducial alignment marks.,test,-1,0.146,0.068469,results/heatmaps/test_9.png
test_10,test,data/pcb_defects/test/WIN_20221017_18_55_46_Pro_jpg.rf.2c87a50bfe656c5f1700006c28f4b7cf.jpg,dry_joint,dry_joint,0.6884,0.4657,0.5343,0.6,0.154,0.89,0.115,0.6625,False,756.16,2068.98,Insufficient solder meniscus wetting and cold joint voiding observed on through-hole connection.,test,-1,0.076,0.048971,results/heatmaps/test_10.png
test_11,test,data/pcb_defects/test/WIN_20221017_19_23_19_Pro_jpg.rf.45623f29580b79fda3047bd94187ade7.jpg,dry_joint,dry_joint,0.9967,0.9177,0.0823,0.6,0.1173,0.89,0.0978,0.5095,False,768.12,2068.98,Insufficient solder meniscus wetting and cold joint voiding observed on through-hole connection.,test,-1,0.0783,0.075636,results/heatmaps/test_11.png
test_12,test,data/pcb_defects/test/WIN_20221017_19_00_12_Pro_jpg.rf.1881b5bf402d03444932084741b4f739.jpg,dry_joint,short_circuit,0.5426,0.3516,0.6484,0.9,0.0118,0.89,0.0164,0.837,True,795.87,2068.98,"High-severity solder bridge / conductive trace short detected across adjacent component terminal pads, violating trace clearance.",test,-1,0.0211,0.025606,results/heatmaps/test_12.png
test_13,test,data/pcb_defects/test/WIN_20221017_19_34_48_Pro_jpg.rf.63f73bc04f437461aff4968ed7fb1874.jpg,normal,normal,0.8646,0.6115,0.3885,0.05,1.0,0.8,0.5,0.3035,False,768.47,2068.98,"Surface trace geometry and solder pads conform to IPC-A-610 standards with no visible bridging, cracking, or misalignment.",test,-1,0.0,0.052784,results/heatmaps/test_13.png
test_14,test,data/pcb_defects/test/WIN_20221017_19_29_57_Pro_jpg.rf.3c8c521a1675382a978b466132c6c592.jpg,short_circuit,dry_joint,0.9992,0.9336,0.0664,0.6,0.1882,0.89,0.1471,0.4891,False,752.6,2068.98,Insufficient solder meniscus wetting and cold joint voiding observed on through-hole connection.,test,-1,0.1061,0.076577,results/heatmaps/test_14.png
test_15,test,data/pcb_defects/test/WIN_20221017_19_36_32_Pro_jpg.rf.7ce2ed23b595f9ed924f7dd0612e1f2b.jpg,normal,dry_joint,0.4086,0.2972,0.7028,0.6,0.0,0.89,0.0,0.756,True,753.97,2068.99,Insufficient solder meniscus wetting and cold joint voiding observed on through-hole connection.,test,-1,0.0,0.039717,results/heatmaps/test_15.png
test_16,test,data/pcb_defects/test/WIN_20221017_19_17_05_Pro_jpg.rf.b77395f67dc62c5514a9f383f857cbdc.jpg,dry_joint,dry_joint,0.9874,0.8219,0.1781,0.6,0.1318,0.89,0.1002,0.5423,False,795.98,2068.99,Insufficient solder meniscus wetting and cold joint voiding observed on through-hole connection.,test,-1,0.0686,0.06156,results/heatmaps/test_16.png
test_17,test,data/pcb_defects/test/WIN_20221017_18_57_55_Pro_jpg.rf.26fdf49a2ed9669390354b5017a01e75.jpg,short_circuit,short_circuit,0.9988,0.9282,0.0718,0.9,0.0761,0.89,0.0546,0.6237,False,790.18,2068.99,"High-severity solder bridge / conductive trace short detected across adjacent component terminal pads, violating trace clearance.",test,-1,0.0332,0.068349,results/heatmaps/test_17.png
test_18,test,data/pcb_defects/test/WIN_20221017_19_25_32_Pro_jpg.rf.ca3f89f47368c1d7ddb71e3f6b6e623f.jpg,short_circuit,incorrect_installation,0.3117,0.254,0.746,0.6557,0.0,0.8,0.0115,0.7872,True,1069.68,2068.99,Component package placement misalignment detected relative to silkscreen fiducial alignment marks.,test,-1,0.023,0.035934,results/heatmaps/test_18.png
test_19,test,data/pcb_defects/test/WIN_20221103_21_24_45_Pro_jpg.rf.639e0aeb9e89195dbd90bb49a075af55.jpg,incorrect_installation,short_circuit,0.9731,0.7696,0.2304,0.9,0.4787,0.89,0.3302,0.5966,False,1127.94,2096.75,"High-severity solder bridge / conductive trace short detected across adjacent component terminal pads, violating trace clearance.",test,-1,0.1817,0.05339,results/heatmaps/test_19.png
test_20,test,data/pcb_defects/test/WIN_20221023_15_32_27_Pro_jpg.rf.91d11e815652baf81caa288b8fa2de9e.jpg,normal,normal,0.8674,0.5572,0.4428,0.05,1.0,0.8,0.5,0.3225,False,882.56,2069.0,"Surface trace geometry and solder pads conform to IPC-A-610 standards with no visible bridging, cracking, or misalignment.",test,-1,0.0,0.067895,results/heatmaps/test_20.png
test_21,test,data/pcb_defects/test/WIN_20221103_21_03_42_Pro_jpg.rf.678b159ef2f14c0e0fa7cfe07298e90b.jpg,short_circuit,short_circuit,0.9974,0.8944,0.1056,0.9,0.0319,0.89,0.0294,0.6431,False,777.57,2069.0,"High-severity solder bridge / conductive trace short detected across adjacent component terminal pads, violating trace clearance.",test,-1,0.027,0.043366,results/heatmaps/test_21.png
test_22,test,data/pcb_defects/test/WIN_20221102_19_43_07_Pro_jpg.rf.6bcdab0d4d56057b821634b73d12ff9f.jpg,pcb_damage,incorrect_installation,0.9897,0.8337,0.1663,0.7,0.0696,0.8,0.1001,0.5731,False,775.7,2096.76,Component package placement misalignment detected relative to silkscreen fiducial alignment marks.,test,-1,0.1307,0.089035,results/heatmaps/test_22.png
test_23,test,data/pcb_defects/test/WIN_20221023_15_48_54_Pro_jpg.rf.fd394e7524a1a032fdd252cb68643fbf.jpg,incorrect_installation,incorrect_installation,0.9987,0.9531,0.0469,0.7,0.1463,0.8,0.2356,0.4907,False,762.92,2069.01,Component package placement misalignment detected relative to silkscreen fiducial alignment marks.,test,-1,0.3249,0.131106,results/heatmaps/test_23.png
test_24,test,data/pcb_defects/test/WIN_20221017_18_51_03_Pro_jpg.rf.75a0b3d591eb53271be7f7f53a0c8915.jpg,normal,short_circuit,0.9975,0.9031,0.0969,0.9,0.0,0.89,0.0,0.6489,False,776.89,2069.01,"High-severity solder bridge / conductive trace short detected across adjacent component terminal pads, violating trace clearance.",test,-1,0.0,0.058159,results/heatmaps/test_24.png
test_25,test,data/pcb_defects/test/WIN_20221023_15_50_12_Pro_jpg.rf.ce176b29af41a1406289c02070a0630f.jpg,normal,normal,0.9937,0.8506,0.1494,0.05,1.0,0.8,0.5,0.2198,False,793.64,2069.01,"Surface trace geometry and solder pads conform to IPC-A-610 standards with no visible bridging, cracking, or misalignment.",test,-1,0.0,0.049212,results/heatmaps/test_25.png
test_26,test,data/pcb_defects/test/WIN_20221017_19_38_30_Pro_jpg.rf.670c653d30e3382373054a533b17d54d.jpg,normal,normal,0.9835,0.8235,0.1765,0.05,1.0,0.8,0.5,0.2293,False,803.34,2096.77,"Surface trace geometry and solder pads conform to IPC-A-610 standards with no visible bridging, cracking, or misalignment.",test,-1,0.0,0.054222,results/heatmaps/test_26.png
test_27,test,data/pcb_defects/test/WIN_20221017_19_11_28_Pro_jpg.rf.bbdce3f697aa4f55acc83c1582a624cf.jpg,dry_joint,normal,0.8934,0.6067,0.3933,0.05,0.0,0.8,0.0044,0.4538,False,772.17,2069.02,"Surface trace geometry and solder pads conform to IPC-A-610 standards with no visible bridging, cracking, or misalignment.",test,-1,0.0088,0.05453,results/heatmaps/test_27.png
test_28,test,data/pcb_defects/test/WIN_20221017_18_50_50_Pro_jpg.rf.49a46cde91eb0177663e0846904408f5.jpg,normal,short_circuit,0.9976,0.8917,0.1083,0.9,0.0,0.89,0.0,0.6529,False,786.5,2069.02,"High-severity solder bridge / conductive trace short detected across adjacent component terminal pads, violating trace clearance.",test,-1,0.0,0.047109,results/heatmaps/test_28.png
test_29,test,data/pcb_defects/test/WIN_20221023_15_31_09_Pro_jpg.rf.d5218106d681e6f6e4b96be9a46c3102.jpg,incorrect_installation,incorrect_installation,0.9999,0.9802,0.0198,0.7,0.1784,0.8,0.3328,0.4521,False,814.2,2096.77,Component package placement misalignment detected relative to silkscreen fiducial alignment marks.,test,-1,0.4871,0.150098,results/heatmaps/test_29.png
test_30,test,data/pcb_defects/test/WIN_20221023_15_16_43_Pro_jpg.rf.718287ee76d0714e27ee3b9fb3754d6a.jpg,incorrect_installation,incorrect_installation,1.0,0.9914,0.0086,0.7,0.5112,0.8,0.5098,0.395,False,794.23,2069.02,Component package placement misalignment detected relative to silkscreen fiducial alignment marks.,test,-1,0.5085,0.153962,results/heatmaps/test_30.png
test_31,test,data/pcb_defects/test/WIN_20221023_15_49_39_Pro_jpg.rf.bebe4ed112531b6dbdaa59ff10a60e25.jpg,incorrect_installation,incorrect_installation,0.9711,0.8003,0.1997,0.7,0.1331,0.8,0.1462,0.571,False,1008.38,2069.02,Component package placement misalignment detected relative to silkscreen fiducial alignment marks.,test,-1,0.1593,0.076825,results/heatmaps/test_31.png
test_32,test,data/pcb_defects/test/WIN_20221017_19_04_50_Pro_jpg.rf.ce8cb30d388cfdc9c579c3fce260280a.jpg,short_circuit,short_circuit,0.9867,0.8166,0.1834,0.9,0.0941,0.89,0.0823,0.6545,False,1149.64,2096.77,"High-severity solder bridge / conductive trace short detected across adjacent component terminal pads, violating trace clearance.",test,-1,0.0705,0.039841,results/heatmaps/test_32.png
test_33,test,data/pcb_defects/test/WIN_20221023_15_49_11_Pro_jpg.rf.f33f72511e55e7cb7ea882f3ed771d4e.jpg,incorrect_installation,incorrect_installation,1.0,0.996,0.004,0.7,0.352,0.8,0.3502,0.4414,False,997.25,2069.02,Component package placement misalignment detected relative to silkscreen fiducial alignment marks.,test,-1,0.3484,0.143266,results/heatmaps/test_33.png
test_34,test,data/pcb_defects/test/WIN_20221017_18_57_50_Pro_jpg.rf.d2a116960c976e70a46ea27049b03fab.jpg,short_circuit,short_circuit,0.9644,0.7332,0.2668,0.9,0.078,0.89,0.0601,0.6904,True,797.11,2096.77,"High-severity solder bridge / conductive trace short detected across adjacent component terminal pads, violating trace clearance.",test,-1,0.0422,0.049509,results/heatmaps/test_34.png
test_35,test,data/pcb_defects/test/WIN_20221017_19_34_58_Pro_jpg.rf.ec9a7990188198172385beb7cf7d702c.jpg,normal,normal,0.9194,0.6546,0.3454,0.05,1.0,0.8,0.5,0.2884,False,766.63,2069.02,"Surface trace geometry and solder pads conform to IPC-A-610 standards with no visible bridging, cracking, or misalignment.",test,-1,0.0,0.047565,results/heatmaps/test_35.png
